[{
  "_id": {
    "$oid": "618b3930c3a6db425dd7d15e"
  },
  "system_quality_id": "6188fdc9948f96df1cff9ba1",
  "user_id": "6184d96139ab91305d6fb8de",
  "content": "문제가많네요",
  "createdAt": {
    "$date": "2021-11-10T03:14:56.267Z"
  },
  "updatedAt": {
    "$date": "2021-11-10T03:14:56.267Z"
  },
  "_class": "com.swqualityboard.entity.Memo"
},{
  "_id": {
    "$oid": "61946812ceff0603fc96fe3c"
  },
  "system_quality_id": "6188fdef948f96df1cffc989",
  "user_id": "6184d96139ab91305d6fb8de",
  "content": "안녕하세요ㅎㅎㅎㅎ",
  "createdAt": {
    "$date": "2021-11-17T02:25:22.401Z"
  },
  "updatedAt": {
    "$date": "2021-11-17T02:25:34.810Z"
  },
  "_class": "com.swqualityboard.entity.Memo"
},{
  "_id": {
    "$oid": "61946a45ceff0603fc96fe3d"
  },
  "system_quality_id": "6188fdef948f96df1cffc98d",
  "user_id": "617efbb942043b6e39c5b2b1",
  "content": "critical 결함 확인 필요",
  "createdAt": {
    "$date": "2021-11-17T02:34:45.585Z"
  },
  "updatedAt": {
    "$date": "2021-11-17T02:34:45.585Z"
  },
  "_class": "com.swqualityboard.entity.Memo"
},{
  "_id": {
    "$oid": "6194864d3d92fb40dfcc65ee"
  },
  "system_quality_id": "6188fdef948f96df1cffc965",
  "user_id": "617efbb942043b6e39c5b2b1",
  "content": "시스템 신뢰도 점검 필요함",
  "createdAt": {
    "$date": "2021-11-17T04:34:21.711Z"
  },
  "updatedAt": {
    "$date": "2021-11-17T04:34:21.711Z"
  },
  "_class": "com.swqualityboard.entity.Memo"
},{
  "_id": {
    "$oid": "61948f1de7d494694e47cac7"
  },
  "system_quality_id": "6188fdef948f96df1cffc989",
  "user_id": "617efbb942043b6e39c5b2b1",
  "content": "시스템 신뢰도 확인 필요함",
  "createdAt": {
    "$date": "2021-11-17T05:11:57.976Z"
  },
  "updatedAt": {
    "$date": "2021-11-17T05:11:57.976Z"
  },
  "_class": "com.swqualityboard.entity.Memo"
},{
  "_id": {
    "$oid": "6195bcad77cbfd1ad598e112"
  },
  "system_quality_id": "6188fdf0948f96df1cffc9b1",
  "user_id": "6184d96139ab91305d6fb8de",
  "content": "medium 결함 존재",
  "createdAt": {
    "$date": "2021-11-18T02:38:37.148Z"
  },
  "updatedAt": {
    "$date": "2021-11-18T02:38:37.148Z"
  },
  "_class": "com.swqualityboard.entity.Memo"
}]