[{
  "_id": {
    "$oid": "6184c7e317060cc9e4117dc0"
  },
  "name": "A",
  "createdAt": {
    "$date": "2021-11-02T15:30:13.976Z"
  }
},{
  "_id": {
    "$oid": "6184d76b17060cc9e4117de1"
  },
  "name": "B",
  "createdAt": {
    "$date": "2021-11-02T15:30:13.976Z"
  }
},{
  "_id": {
    "$oid": "6184d77317060cc9e4117de3"
  },
  "name": "C",
  "createdAt": {
    "$date": "2021-11-02T15:30:13.976Z"
  }
},{
  "_id": {
    "$oid": "6184d77f17060cc9e4117de5"
  },
  "name": "D",
  "createdAt": {
    "$date": "2021-11-02T15:30:13.976Z"
  }
},{
  "_id": {
    "$oid": "6184d79c17060cc9e4117de7"
  },
  "name": "E",
  "createdAt": {
    "$date": "2021-11-02T15:30:13.976Z"
  }
},{
  "_id": {
    "$oid": "6184d7a417060cc9e4117de9"
  },
  "name": "F",
  "createdAt": {
    "$date": "2021-11-02T15:30:13.976Z"
  }
},{
  "_id": {
    "$oid": "6184d7bd17060cc9e4117deb"
  },
  "name": "G",
  "createdAt": {
    "$date": "2021-11-02T15:30:13.976Z"
  }
},{
  "_id": {
    "$oid": "6184d7cf17060cc9e4117ded"
  },
  "name": "H",
  "createdAt": {
    "$date": "2021-11-02T15:30:13.976Z"
  }
},{
  "_id": {
    "$oid": "6184d7d617060cc9e4117def"
  },
  "name": "I",
  "createdAt": {
    "$date": "2021-11-02T15:30:13.976Z"
  }
},{
  "_id": {
    "$oid": "6184d7e117060cc9e4117df1"
  },
  "name": "J",
  "createdAt": {
    "$date": "2021-11-02T15:30:13.976Z"
  }
}]