[{
  "_id": {
    "$oid": "6184da9b17060cc9e4117e1d"
  },
  "name": "개발 1팀",
  "createdAt": {
    "$date": "2021-11-02T15:30:13.976Z"
  },
  "updatedAt": {
    "$date": "2021-11-02T15:30:13.976Z"
  },
  "systems": [
    "6184c7e317060cc9e4117dc0",
    "6184d76b17060cc9e4117de1",
    "6184d77317060cc9e4117de3"
  ]
},{
  "_id": {
    "$oid": "6184db1417060cc9e4117e2d"
  },
  "name": "개발 2팀",
  "createdAt": {
    "$date": "2021-11-02T15:30:13.976Z"
  },
  "updatedAt": {
    "$date": "2021-11-02T15:30:13.976Z"
  },
  "systems": [
    "6184d77f17060cc9e4117de5",
    "6184d79c17060cc9e4117de7",
    "6184d7a417060cc9e4117de9",
    "6184d7bd17060cc9e4117deb"
  ]
},{
  "_id": {
    "$oid": "61887bd117060cc9e4117ed5"
  },
  "name": "개발 3팀",
  "createdAt": {
    "$date": "2021-11-02T15:30:13.976Z"
  },
  "updatedAt": {
    "$date": "2021-11-02T15:30:13.976Z"
  },
  "systems": [
    "6184d7cf17060cc9e4117ded",
    "6184d7d617060cc9e4117def",
    "6184d7e117060cc9e4117df1"
  ]
}]