[{
  "_id": {
    "$oid": "617efbb942043b6e39c5b2b1"
  },
  "email": "ssafy@gmail.com",
  "password": "$2a$10$DolSz90j/Ayaq.fUPZAlhOl3QQ328SGBtWYSBJ5doy5bxjFBS.4sS",
  "nickname": "admin1",
  "status": "ACTIVATE",
  "authorities": [
    {
      "$ref": "authority",
      "$id": {
        "$oid": "617efacc17060cc9e4117d75"
      }
    }
  ],
  "teams": [
    "6184da9b17060cc9e4117e1d"
  ],
  "_class": "com.swqualityboard.entity.User"
},{
  "_id": {
    "$oid": "61815985b47fda2d5b462995"
  },
  "email": "ssafy1@gmail.com",
  "password": "$2a$10$ADUJduVRiBWP8WLYj3YKF.EwsAlL/K0aEOFlhkuwRSZBcW94F8rQu",
  "nickname": "admin2",
  "status": "ACTIVATE",
  "createdAt": {
    "$date": "2021-11-02T15:30:13.976Z"
  },
  "updatedAt": {
    "$date": "2021-11-02T15:30:13.976Z"
  },
  "authorities": [
    {
      "$ref": "authority",
      "$id": {
        "$oid": "617efacc17060cc9e4117d75"
      }
    }
  ],
  "teams": [
    "6184da9b17060cc9e4117e1d"
  ],
  "_class": "com.swqualityboard.entity.User"
},{
  "_id": {
    "$oid": "6184d96139ab91305d6fb8de"
  },
  "email": "admin1@gmail.com",
  "password": "$2a$10$bRd2fCF7EsJFVJtAfvbk0.EXaF9c5QCgWd/wMD2bNjELRAHrEN1m2",
  "nickname": "개발 1팀 관리자",
  "status": "ACTIVATE",
  "createdAt": {
    "$date": "2021-11-05T07:12:33.519Z"
  },
  "updatedAt": {
    "$date": "2021-11-05T07:12:33.519Z"
  },
  "authorities": [
    {
      "$ref": "authority",
      "$id": {
        "$oid": "617efacc17060cc9e4117d75"
      }
    }
  ],
  "teams": [
    "6184da9b17060cc9e4117e1d"
  ],
  "_class": "com.swqualityboard.entity.User"
},{
  "_id": {
    "$oid": "6184d98239ab91305d6fb8df"
  },
  "email": "admin2@gmail.com",
  "password": "$2a$10$XmLrMkKdf0dSdXNWqOsc/.8XuJ1ZMOlp3p9WWKva6bQ1B8nBegE42",
  "nickname": "개발 2팀 관리자",
  "status": "ACTIVATE",
  "createdAt": {
    "$date": "2021-11-05T07:13:06.580Z"
  },
  "updatedAt": {
    "$date": "2021-11-05T07:13:06.580Z"
  },
  "authorities": [
    {
      "$ref": "authority",
      "$id": {
        "$oid": "617efacc17060cc9e4117d75"
      }
    }
  ],
  "teams": [
    "6184db1417060cc9e4117e2d"
  ],
  "_class": "com.swqualityboard.entity.User"
},{
  "_id": {
    "$oid": "6184d98739ab91305d6fb8e0"
  },
  "email": "admin3@gmail.com",
  "password": "$2a$10$wgfG25dsSPOhTCPtWGP6tOLuFv0eOVNHSOxBVmtQoHkrYMQ1gqHLi",
  "nickname": "개발 3팀 관리자",
  "status": "ACTIVATE",
  "createdAt": {
    "$date": "2021-11-05T07:13:11.556Z"
  },
  "updatedAt": {
    "$date": "2021-11-05T07:13:11.556Z"
  },
  "authorities": [
    {
      "$ref": "authority",
      "$id": {
        "$oid": "617efacc17060cc9e4117d75"
      }
    }
  ],
  "_class": "com.swqualityboard.entity.User"
},{
  "_id": {
    "$oid": "6184d9bb39ab91305d6fb8e1"
  },
  "email": "develop1@gmail.com",
  "password": "$2a$10$QHMzfUP6LuaDXSR2N265leyOpw2.REqqaOFL2oGjZqZg6UZfweSbG",
  "nickname": "개발 1팀 개발자",
  "status": "ACTIVATE",
  "createdAt": {
    "$date": "2021-11-05T07:14:03.610Z"
  },
  "updatedAt": {
    "$date": "2021-11-05T07:14:03.610Z"
  },
  "authorities": [
    {
      "$ref": "authority",
      "$id": {
        "$oid": "617efae017060cc9e4117d77"
      }
    }
  ],
  "teams": [
    "6184da9b17060cc9e4117e1d"
  ],
  "_class": "com.swqualityboard.entity.User"
},{
  "_id": {
    "$oid": "6184d9c539ab91305d6fb8e2"
  },
  "email": "develop2@gmail.com",
  "password": "$2a$10$F7aKc50N8XMnJdhDIbMfteHTSeHRqA6LIwLui7xYO7GJAObLB9rrO",
  "nickname": "개발 2팀 개발자",
  "status": "ACTIVATE",
  "createdAt": {
    "$date": "2021-11-05T07:14:13.325Z"
  },
  "updatedAt": {
    "$date": "2021-11-05T07:14:13.325Z"
  },
  "authorities": [
    {
      "$ref": "authority",
      "$id": {
        "$oid": "617efae017060cc9e4117d77"
      }
    }
  ],
  "teams": [
    "6184db1417060cc9e4117e2d"
  ],
  "_class": "com.swqualityboard.entity.User"
},{
  "_id": {
    "$oid": "6184d9ca39ab91305d6fb8e3"
  },
  "email": "develop3@gmail.com",
  "password": "$2a$10$85J9X.TjxSIniq1Pt0SQBOPDU5dtbHwx46Coe7OeLU5z4KQCTv7qq",
  "nickname": "개발 3팀 개발자",
  "status": "ACTIVATE",
  "createdAt": {
    "$date": "2021-11-05T07:14:18.751Z"
  },
  "updatedAt": {
    "$date": "2021-11-05T07:14:18.751Z"
  },
  "authorities": [
    {
      "$ref": "authority",
      "$id": {
        "$oid": "617efae017060cc9e4117d77"
      }
    }
  ],
  "_class": "com.swqualityboard.entity.User"
},{
  "_id": {
    "$oid": "6184da1239ab91305d6fb8e4"
  },
  "email": "executive@gmail.com",
  "password": "$2a$10$f8O6tePIyM18qzjiwnO7DuLOH6NXR5llD.lQel9b9oqCghi3Db08e",
  "nickname": "경영진",
  "status": "ACTIVATE",
  "createdAt": {
    "$date": "2021-11-05T07:15:30.354Z"
  },
  "updatedAt": {
    "$date": "2021-11-05T07:15:30.354Z"
  },
  "authorities": [
    {
      "$ref": "authority",
      "$id": {
        "$oid": "617efaad17060cc9e4117d73"
      }
    }
  ],
  "teams": [
    "6184da9b17060cc9e4117e1d",
    "6184db1417060cc9e4117e2d",
    "61887bd117060cc9e4117ed5"
  ],
  "_class": "com.swqualityboard.entity.User"
},{
  "_id": {
    "$oid": "6184e74ee46b5a6c88d91ffa"
  },
  "email": "executive2@gmail.com",
  "password": "$2a$10$bR3WCbIJTk..kURWLqg0AOXYC/CwLjV38nW4dYulEBjBuNx2UH6HG",
  "nickname": "경영진2",
  "status": "ACTIVATE",
  "createdAt": {
    "$date": "2021-11-05T08:11:58.906Z"
  },
  "updatedAt": {
    "$date": "2021-11-05T08:11:58.906Z"
  },
  "authorities": [
    {
      "$ref": "authority",
      "$id": {
        "$oid": "617efaad17060cc9e4117d73"
      }
    }
  ],
  "teams": [
    "6184da9b17060cc9e4117e1d",
    "6184db1417060cc9e4117e2d",
    "61887bd117060cc9e4117ed5"
  ],
  "_class": "com.swqualityboard.entity.User"
}]